#,"Country,Other",TotalCases,NewCases,TotalDeaths,NewDeaths,TotalRecovered,NewRecovered,ActiveCases,"Serious,Critical",Tot Cases/1M pop,Deaths/1M pop,TotalTests,Tests/,1M pop,,Population,Continent,1 Caseevery X ppl1 Deathevery X ppl1 Testevery X ppl,New Cases/1M pop,New Deaths/1M pop,Active Cases/1M pop,
1,USA,"99,639,207",,"1,098,221 ",,"97,149,970",,"1,391,016","2,625","297,603","3,280","1,132,204,334","3,381,680","334,805,269 ",North America,33050,,,"4,155",
2,India,"44,660,108",,"530,486 ",,"44,113,761",,"15,861",698,"31,750",377,"901,414,928","640,832","1,406,631,776 ",Asia,"312,6522",,,11,
3,France,"36,946,904",,"157,277 ",,"36,101,330",,"688,297",869,"563,348","2,398","271,490,188","4,139,547","65,584,518 ",Europe,24170,,,"10,495",
4,Germany,"35,823,771",,"154,535 ",,"34,368,800",,"1,300,436","1,406","427,065","1,842","122,332,384","1,458,359","83,883,596 ",Europe,25431,,,"15,503",
5,Brazil,"34,892,134",,"688,419 ",,"34,067,695",,"136,020","8,318","162,023","3,197","63,776,166","296,146","215,353,593 ",South America,63133,,,632,
6,S. Korea,"25,838,239","+36,675","29,372 ",+18,"25,164,823","+29,443","644,044",346,"503,376",572,"15,804,065","307,892","51,329,899 ",Asia,"21,7483",714,0.4,"12,547",
7,UK,"23,930,041",,"194,704 ",,"23,582,989","+8,555","152,348",146,"349,354","2,842","522,526,476","7,628,357","68,497,907 ",Europe,33520,,,"2,224",
8,Italy,"23,642,011",,"179,436  ",,"23,037,464",,"425,111",238,"392,315","2,978","253,427,252","4,205,370","60,262,770 ",Europe,33360,,,"7,054",
9,Japan,"22,608,547",,"46,981 ",,"20,517,384",,"2,044,182",162,"180,026",374,"78,036,837","621,387","125,584,838 ",Asia,"62,6732",,,"16,277",
10,Russia,"21,459,284",,"390,526 ",,"20,849,598",,"219,160","2,300","147,177","2,678","273,400,000","1,875,095","145,805,947 ",Europe,73731,,,"1,503",
11,Turkey,"16,919,638",,"101,203 ",,"16,818,435",,0,,"197,747","1,183","162,743,369","1,902,052","85,561,976 ",Asia,58451,,,,
12,Spain,"13,529,643",,"115,239 ",,"13,313,832",,"100,572",339,"289,595","2,467","471,036,328","10,082,298","46,719,142 ",Europe,34050,,,"2,153",
13,Vietnam,"11,505,608",,"43,165 ",,"10,604,591",,"857,852",66,"116,273",436,"85,826,548","867,342","98,953,541 ",Asia,"92,2921",,,"8,669",
14,Australia,"10,418,986","+1,713","15,786 ",,"10,364,130",,"39,070",39,"399,673",606,"78,835,048","3,024,116","26,068,792 ",Australia/Oceania,"31,6510",66,,"1,499",
15,Argentina,"9,718,875",,"129,991 ",,"9,584,938",+267,"3,946",246,"211,233","2,825","35,716,069","776,264","46,010,234 ",South America,53541,,,86,
16,Netherlands,"8,521,729",,"22,845 ",,"8,426,348","+4,060","72,536",49,"495,120","1,327","21,107,399","1,226,358","17,211,447 ",Europe,27531,,,"4,214",
17,Taiwan,"7,863,193",,"13,151 ",,"7,170,740",,"679,302",,"329,161",551,"27,901,087","1,167,967","23,888,595 ",Asia,"31,8161",,,"28,436",
18,Iran,"7,558,078",,"144,592 ",,"7,332,819",,"80,667",101,"87,861","1,681","54,358,591","631,909","86,022,837 ",Asia,115952,,,938,
19,Mexico,"7,113,132",,"330,415 ",,"6,385,797",,"396,920","4,798","54,066","2,511","18,600,671","141,382","131,562,772 ",North America,183987,,,"3,017",
20,Indonesia,"6,517,630",,"158,807 ",,"6,322,920",,"35,903","2,771","23,349",569,"110,783,338","396,882","279,134,505 ",Asia,"431,7583",,,129,
21,Poland,"6,343,675",,"118,170 ",,"5,335,940",,"889,565","1,530","168,090","3,131","37,668,086","998,100","37,739,785 ",Europe,63191,,,"23,571",
22,Colombia,"6,310,332",,"141,850 ",,"6,138,353",,"30,129",342,"122,500","2,754","36,760,659","713,622","51,512,762 ",South America,83631,,,585,
23,Portugal,"5,520,731",,"25,228 ",,"5,477,734","+1,140","17,769",61,"544,420","2,488","45,059,939","4,443,531","10,140,570 ",Europe,24020,,,"1,752",
24,Austria,"5,462,911",,"21,036 ",,"5,392,451",,"49,424",47,"602,524","2,320","200,577,983","22,122,466","9,066,710 ",Europe,24310,,,"5,451",
25,Ukraine,"5,312,632",,"110,186 ",,"5,160,566","+2,864","41,880",,"123,000","2,551","32,603,805","754,855","43,192,122 ",Europe,83921,,,970,
26,Greece,"5,188,890",,"33,750 ",,"5,109,120","+7,670","46,020",115,"502,963","3,271","97,554,770","9,456,063","10,316,637 ",Europe,23060,,,"4,461",
27,Malaysia,"4,923,538",,"36,482 ",,"4,850,474",,"36,582",70,"148,384","1,099","65,593,148","1,976,824","33,181,072 ",Asia,79101,,,"1,102",
28,Chile,"4,786,198",,"61,789 ",,"4,706,836",,"17,573",117,"248,631","3,210","46,293,549","2,404,835","19,250,195 ",South America,43120,,,913,
29,DPRK,"4,772,813",,74 ,,"4,772,739",,0,,"183,636",3,,,"25,990,679 ",Asia,"5351,225",,,,
30,Thailand,"4,692,448",,"32,955 ",,"4,649,509",,"9,984","1,496","66,960",470,"17,270,775","246,450","70,078,203 ",Asia,"152,1264",,,142,
31,Israel,"4,688,671",,"11,767 ",,"4,670,125",,"6,779",24,"502,753","1,262","41,373,364","4,436,346","9,326,000 ",Asia,27930,,,727,
32,Belgium,"4,617,315",,"32,941 ",,"4,533,266","+2,913","51,108",55,"395,715","2,823","35,962,048","3,082,036","11,668,278 ",Europe,33540,,,"4,380",
33,Canada,"4,336,860",,"46,389 ",,"4,227,699","+3,197","62,772",99,"112,973","1,208","65,722,182","1,712,031","38,388,419 ",North America,98281,,,"1,635",
34,Switzerland,"4,211,438",,"14,255 ",,"4,108,360","+5,831","88,823",73,"480,011","1,625","22,653,313","2,581,975","8,773,637 ",Europe,26150,,,"10,124",
35,Czechia,"4,161,566",,"41,648 ",,"4,114,445",,"5,473",36,"387,599","3,879","56,498,201","5,262,116","10,736,784 ",Europe,32580,,,510,
36,Peru,"4,159,951",,"217,062 ",,"3,935,437",,"7,452",44,"123,499","6,444","35,807,703","1,063,041","33,684,208 ",South America,81551,,,221,
37,South Africa,"4,029,737",,"102,363 ",,"3,912,506",,"14,868",192,"66,326","1,685","26,174,429","430,811","60,756,135 ",Africa,155942,,,245,
38,Philippines,"4,008,550",,"64,240 ",,"3,927,187",,"17,123",353,"35,629",571,"33,323,944","296,189","112,508,994 ",Asia,"281,7513",,,152,
39,Romania,"3,288,755",,"67,211 ",,"3,215,540",,"6,004",88,"172,807","3,532","25,524,130","1,341,163","19,031,335 ",Europe,62831,,,315,
40,Denmark,"3,138,750",,"7,387 ",,"3,123,762",,"7,601",1,"537,922","1,266","128,667,520","22,051,178","5,834,950 ",Europe,27900,,,"1,303",
41,Sweden,"2,614,997",,"20,721 ",,"2,581,090",+664,"13,186",17,"255,896","2,028","19,071,994","1,866,332","10,218,971 ",Europe,44931,,,"1,290",
42,Iraq,"2,461,484",,"25,358 ",,"2,435,765",,361,21,"58,377",601,"19,377,732","459,570","42,164,965 ",Asia,"171,6632",,,9,
43,Serbia,"2,408,130",,"17,275 ",,"2,374,152",,"16,703",21,"278,299","1,996","11,418,073","1,319,548","8,653,016 ",Europe,45011,,,"1,930",
44,Hungary,"2,141,513",,"47,938 ",,"2,061,999",,"31,576",25,"222,929","4,990","11,394,556","1,186,160","9,606,259 ",Europe,42001,,,"3,287",
45,Singapore,"2,121,435",,"1,686 ",,"2,039,473",,"80,276",16,"356,931",284,"24,622,510","4,142,731","5,943,546 ",Asia,"33,5250",,,"13,506",
46,Bangladesh,"2,035,782",,"29,425 ",,"1,982,312",,"24,045","1,331","12,126",175,"15,014,214","89,431","167,885,689 ",Asia,"825,70611",,,143,
47,Hong Kong,"1,942,707",,"10,457 ",,"1,754,947",,"177,303",9,"255,475","1,375","66,284,763","8,716,749","7,604,299 ",Asia,47270,,,"23,316",
48,Slovakia,"1,853,466",,"20,629 ",,"1,830,531",,"2,306",32,"339,451","3,778","7,337,091","1,343,742","5,460,193 ",Europe,32651,,,422,
49,New Zealand,"1,851,689",,"3,103 ",,"1,829,106",,"19,480",,"378,034",633,"7,544,063","1,540,170","4,898,203 ",Australia/Oceania,"31,5791",,,"3,977",
50,Georgia,"1,785,138",,"16,912 ",,"1,637,293",,"130,933",,"449,800","4,261","16,920,079","4,263,340","3,968,738 ",Asia,22350,,,"32,991",
51,Jordan,"1,746,997",,"14,122 ",,"1,731,007",,"1,868",59,"169,597","1,371","17,201,885","1,669,945","10,300,869 ",Asia,67291,,,181,
52,Ireland,"1,673,681",,"8,028 ",,"1,658,968",+349,"6,685",17,"333,389","1,599","12,789,806","2,547,669","5,020,199 ",Europe,36250,,,"1,332",
53,Pakistan,"1,574,321",,"30,627 ",,"1,538,689",,"5,005",58,"6,860",133,"30,570,862","133,213","229,488,994 ",Asia,"1467,4938",,,22,
54,Norway,"1,465,584",,"4,238 ",,"1,459,601",,"1,745",20,"265,920",769,"11,002,430","1,996,315","5,511,370 ",Europe,"41,3001",,,317,
55,Kazakhstan,"1,394,935",,"13,692 ",,"1,380,356",,887,24,"72,634",713,"11,575,012","602,707","19,205,043 ",Asia,"141,4032",,,46,
56,Finland,"1,360,721",,"6,741 ",,"1,317,757","+2,286","36,223",21,"244,956","1,214","11,684,973","2,103,521","5,554,960 ",Europe,48240,,,"6,521",
57,Bulgaria,"1,281,155",,"37,916 ",,"1,233,725",,"9,514",59,"187,178","5,540","10,729,015","1,567,516","6,844,597 ",Europe,51811,,,"1,390",
58,Lithuania,"1,269,729",,"9,401 ",,"1,252,248",,"8,080",8,"477,035","3,532","10,228,676","3,842,899","2,661,708 ",Europe,22830,,,"3,036",
59,Morocco,"1,265,965",,"16,281 ",,"1,249,253",,431,293,"33,515",431,"12,678,343","335,648","37,772,756 ",Africa,"302,3203",,,11,
60,Croatia,"1,248,450",,"17,185 ",,"1,229,134",,"2,131",12,"307,554","4,234","5,316,503","1,309,714","4,059,286 ",Europe,32361,,,525,
61,Slovenia,"1,237,624",,"6,893 ",,"1,218,452",,"12,279",17,"595,574","3,317","2,769,971","1,332,977","2,078,034 ",Europe,23011,,,"5,909",
62,Lebanon,"1,219,066",,"10,712 ",,"1,087,587",,"120,767",74,"182,363","1,602","4,795,578","717,380","6,684,849 ",Asia,56241,,,"18,066",
63,Tunisia,"1,146,593",,"29,259 ",,N/A,N/A,N/A,101,"95,179","2,429","4,966,900","412,305","12,046,656 ",Africa,114122,,,609,
64,Guatemala,"1,142,470",,"19,905 ",,"1,121,442",,"1,123",5,"61,476","1,071","6,129,868","329,846","18,584,039 ",North America,169343,,,60,
65,Costa Rica,"1,138,416",,"9,009 ",,"860,711",,"268,696",52,"219,672","1,738","4,659,757","899,158","5,182,354 ",North America,55751,,,"51,848",
66,Cuba,"1,111,292",,"8,530 ",,"1,102,695",,67,23,"98,295",754,"14,184,566","1,254,644","11,305,652 ",North America,"101,3251",,,6,
67,Bolivia,"1,109,581",,"22,240 ",,"1,070,474",,"16,867",220,"92,522","1,854","2,705,422","225,590","11,992,656 ",South America,115394,,,"1,406",
68,UAE,"1,039,090",,"2,348 ",,"1,018,118",,"18,624",,"103,066",233,"195,910,436","19,432,118","10,081,785 ",Asia,"104,2940",,,"1,847",
69,Ecuador,"1,009,044",,"35,934 ",,"970,988",,"2,122",759,"55,707","1,984","3,082,403","170,173","18,113,361 ",South America,185046,,,117,
70,Nepal,"1,000,708",,"12,019 ",,"988,127",,562,,"33,108",398,"5,961,751","197,242","30,225,582 ",Asia,"302,5155",,,19,
71,Belarus,"994,037",,"7,118 ",,"985,592",,"1,327",,"105,381",755,"13,646,641","1,446,722","9,432,800 ",Europe,"91,3251",,,141,
72,Uruguay,"990,560",,"7,518 ",,"982,103",,939,18,"283,340","2,150","6,114,822","1,749,083","3,496,016 ",South America,44651,,,269,
73,Panama,"990,413",,"8,509 ",,"980,898",,"1,006",16,"222,717","1,913","7,164,655","1,611,134","4,446,964 ",North America,45231,,,226,
74,Mongolia,"985,445",,"2,179 ",,"982,074",,"1,192",192,"291,718",645,"4,030,048","1,193,000","3,378,078 ",Asia,"31,5501",,,353,
75,Latvia,"954,230",,"6,062 ",,"941,500",,"6,668",3,"516,124","3,279","7,746,372","4,189,862","1,848,837 ",Europe,23050,,,"3,607",
76,Azerbaijan,"823,496",,"9,955 ",,"813,254",,287,,"79,949",966,"7,331,317","711,764","10,300,205 ",Asia,"131,0351",,,28,
77,Saudi Arabia,"823,494",,"9,417 ",,"809,725",,"4,352",82,"22,974",263,"44,657,732","1,245,860","35,844,909 ",Asia,"443,8061",,,121,
78,Paraguay,"717,980",,"19,606 ",,"698,317",,57,7,"98,275","2,684","2,657,506","363,751","7,305,843 ",South America,103733,,,8,
79,Bahrain,"691,509",,"1,529 ",,"687,721",,"2,259",4,"387,621",857,"10,508,378","5,890,403","1,783,983 ",Asia,"31,1670",,,"1,266",
80,Sri Lanka,"671,320",,"16,782 ",,"654,437",,101,,"31,114",778,"6,486,117","300,619","21,575,842 ",Asia,"321,2863",,,5,
81,Kuwait,"662,073",,"2,568 ",,"659,017",,488,3,"151,147",586,"8,416,379","1,921,405","4,380,326 ",Asia,"71,7061",,,111,
82,Dominican Republic,"647,205",,"4,384 ",,"642,571",,250,4,"58,537",397,"3,657,057","330,765","11,056,370 ",North America,"172,5223",,,23,
83,Myanmar,"632,229",,"19,485 ",,"606,393",,"6,351",,"11,448",353,"9,459,963","171,292","55,227,143 ",Asia,"872,8346",,,115,
84,Palestine,"620,816",,"5,404 ",,"614,962",,450,17,"116,137","1,011","3,078,533","575,907","5,345,541 ",Asia,99892,,,84,
85,Estonia,"607,230",,"2,748 ",,"524,990",,"79,492",6,"459,358","2,079","3,579,101","2,707,522","1,321,910 ",Europe,24810,,,"60,134",
86,Cyprus,"602,662",,"1,200 ",,"592,342",,"9,120",60,"492,618",981,"9,640,118","7,879,860","1,223,387 ",Asia,"21,0190",,,"7,455",
87,Moldova,"593,816",,"11,894 ",,"504,142",,"77,780",49,"147,967","2,964","3,216,305","801,437","4,013,171 ",Europe,73371,,,"19,381",
88,Venezuela,"546,047",,"5,821 ",,"539,655",,571,36,"18,657",199,"3,359,014","114,771","29,266,991 ",South America,"545,0289",,,20,
89,Egypt,"515,645",,"24,613 ",,"442,182",,"48,850",122,"4,857",232,"3,693,367","34,792","106,156,692 ",Africa,"2064,31329",,,460,
90,Libya,"507,051",,"6,437 ",,"500,571",,43,,"72,017",914,"2,483,005","352,662","7,040,745 ",Africa,"141,0943",,,6,
91,Ethiopia,"494,039",,"7,572 ",,"472,142",,"14,325",,"4,089",63,"5,324,880","44,075","120,812,698 ",Africa,"24515,95523",,,119,
92,Réunion,"474,111",,899 ,,"418,572",,"54,640",10,"522,114",990,"1,603,660","1,766,027","908,061 ",Africa,"21,0101",,,"60,172",
93,Qatar,"471,004",,684 ,,"468,828",,"1,492",2,"158,060",230,"4,049,750","1,359,015","2,979,915 ",Asia,"64,3571",,,501,
94,Honduras,"457,196",,"11,039 ",,N/A,N/A,N/A,105,"44,730","1,080","1,549,348","151,581","10,221,247 ",North America,229267,,,"30,682",
95,Armenia,"445,242",,"8,709 ",,"434,288",,"2,245",,"149,814","2,930","3,228,468","1,086,307","2,971,966 ",Asia,73411,,,755,
96,Bosnia and Herzegovina,"400,043",,"16,180 ",,"377,828",,"6,035",,"123,116","4,980","1,875,348","577,151","3,249,317 ",Europe,82012,,,"1,857",
97,Oman,"398,775",,"4,260 ",,"384,669",,"9,846",2,"74,901",800,"25,000,000","4,695,724","5,323,993 ",Asia,"131,2500",,,"1,849",
98,North Macedonia,"344,146",,"9,564 ",,"334,335",,247,,"165,351","4,595","2,141,032","1,028,697","2,081,304 ",Europe,62181,,,119,
99,Kenya,"339,671",,"5,678 ",,"333,230",,763,1,"6,042",101,"3,923,620","69,796","56,215,221 ",Africa,"1659,90114",,,14,
100,Zambia,"333,685",,"4,017 ",,"329,652",,16,,"17,138",206,"3,750,980","192,652","19,470,234 ",Africa,"584,8475",,,0.8,
101,Albania,"333,046",,"3,592 ",,"327,852",,"1,602",,"116,191","1,253","1,941,032","677,173","2,866,374 ",Europe,97981,,,559,
102,Botswana,"326,344",,"2,790 ",,"322,955",,599,1,"133,684","1,143","2,026,898","830,300","2,441,162 ",Africa,78751,,,245,
103,Luxembourg,"297,757",,"1,133 ",,"288,991",,"7,633",,"463,528","1,764","4,412,567","6,869,188","642,371 ",Europe,25670,,,"11,883",
104,Montenegro,"283,055",,"2,787 ",,"279,833",,435,6,"450,760","4,438","2,651,294","4,222,142","627,950 ",Europe,22250,,,693,
105,Algeria,"270,862",,"6,881 ",,"182,437",,"81,544",,"5,973",152,"230,861","5,091","45,350,148 ",Africa,"1676,591196",,,"1,798",
106,Nigeria,"266,192",,"3,155 ",,"259,532",,"3,505",11,"1,228",15,"5,441,162","25,104","216,746,934 ",Africa,"81468,70040",,,16,
107,Zimbabwe,"257,893",,"5,606 ",,"251,904",,383,12,"16,821",366,"2,525,756","164,744","15,331,428 ",Africa,"592,7356",,,25,
108,Uzbekistan,"244,739",,"1,637 ",,"241,486",,"1,616",23,"7,118",48,"1,377,915","40,077","34,382,084 ",Asia,"14021,00325",,,47,
109,Brunei ,"241,044",,225 ,,"222,140",,"18,679",3,"541,148",505,"717,784","1,611,437","445,431 ",Asia,"21,9801",,,"41,935",
110,Mozambique,"230,475",,"2,224 ",,"228,176",,75,11,"6,965",67,"1,371,127","41,437","33,089,461 ",Africa,"14414,87824",,,2,
111,Martinique,"223,728",,"1,047 ",,N/A,N/A,N/A,8,"598,064","2,799","828,928","2,215,870","374,087 ",North America,23570,,,"594,987",
112,Laos,"216,277",,758 ,,N/A,N/A,N/A,,"28,910",101,"1,233,207","164,845","7,481,023 ",Asia,"359,8696",,,"27,785",
113,Iceland,"206,571",,219 ,,N/A,N/A,N/A,2,"598,075",634,"1,996,384","5,780,036","345,393 ",Europe,"21,5770",,,"378,314",
114,Kyrgyzstan,"206,452",,"2,991 ",,"196,406",,"7,055",131,"30,684",445,"1,907,195","283,460","6,728,271 ",Asia,"332,2504",,,"1,049",
115,Afghanistan,"203,574",,"7,826 ",,"180,844",,"14,904","1,124","4,995",192,"1,138,003","27,923","40,754,388 ",Asia,"2005,20836",,,366,
116,El Salvador,"201,785",,"4,230 ",,"179,410",,"18,145",8,"30,805",646,"2,610,114","398,467","6,550,389 ",North America,"321,5493",,,"2,770",
117,Guadeloupe,"196,270",,993 ,,N/A,N/A,N/A,19,"490,928","2,484","938,039","2,346,306","399,794 ",North America,24030,,,"482,816",
118,Maldives,"185,364",,308 ,,"163,687",,"21,369",25,"342,642",569,"2,213,831","4,092,223","540,985 ",Asia,"31,7560",,,"39,500",
119,Trinidad and Tobago,"184,854",,"4,255 ",,"180,224",,375,8,"131,420","3,025","856,673","609,045","1,406,585 ",North America,83312,,,267,
120,Ghana,"170,894",,"1,460 ",,"169,218",,216,2,"5,275",45,"2,518,296","77,736","32,395,450 ",Africa,"19022,18913",,,7,
121,Namibia,"169,946",,"4,080 ",,"165,826",,40,,"64,523","1,549","1,062,663","403,460","2,633,874 ",Africa,156462,,,15,
122,Uganda,"169,473",,"3,630 ",,"100,431",,"65,412",3,"3,499",75,"3,012,408","62,198","48,432,863 ",Africa,"28613,34216",,,"1,351",
123,Jamaica,"151,931",,"3,320 ",,"99,392",,"49,219",,"50,897","1,112","1,183,986","396,633","2,985,094 ",North America,208993,,,"16,488",
124,Cambodia,"137,995",,"3,056 ",,"134,934",,5,,"8,038",178,"3,091,420","180,062","17,168,639 ",Asia,"1245,6186",,,0.3,
125,Rwanda,"132,584",,"1,467 ",,"131,061",,56,,"9,748",108,"5,841,019","429,472","13,600,464 ",Africa,"1039,2712",,,4,
126,Cameroon,"123,629",,"1,960 ",,"118,616",,"3,053",13,"4,429",70,"1,751,774","62,762","27,911,548 ",Africa,"22614,24116",,,109,
127,Malta,"115,459",,808 ,,"113,949",,702,4,"260,023","1,820","2,079,902","4,684,116","444,033 ",Europe,45500,,,"1,581",
128,Angola,"103,131",,"1,917 ",,"101,155",,59,,"2,944",55,"1,499,795","42,818","35,027,343 ",Africa,"34018,27223",,,2,
129,Barbados,"103,014",,560 ,,"102,024",,430,,"357,659","1,944","770,100","2,673,745","288,023 ",North America,35140,,,"1,493",
130,Channel Islands,"94,480",,205 ,,"93,703",,572,,"535,410","1,162","1,252,808","7,099,551","176,463 ",Europe,28610,,,"3,241",
131,French Guiana,"94,259",,411 ,,"11,254",,"82,594",2,"300,026","1,308","651,257","2,072,951","314,169 ",South America,37640,,,"262,897",
132,DRC,"93,219",,"1,445 ",,"83,560",,"8,214",,979,15,"846,704","8,890","95,240,792 ",Africa,"1,02265,911112",,,86,
133,Senegal,"88,679",,"1,968 ",,"86,609",,102,,"5,023",111,"1,146,543","64,946","17,653,671 ",Africa,"1998,97015",,,6,
134,Malawi,"88,073",,"2,683 ",,"84,974",,416,67,"4,364",133,"619,708","30,708","20,180,839 ",Africa,"2297,52233",,,21,
135,Ivory Coast,"87,830",,829 ,,"86,970",,31,,"3,166",30,"1,644,475","59,277","27,742,298 ",Africa,"31633,46517",,,1,
136,Suriname,"81,228",,"1,392 ",,N/A,N/A,N/A,,"136,099","2,332","239,603","401,459","596,831 ",South America,74292,,,"50,580",
137,French Polynesia,"76,764",,649 ,,N/A,N/A,N/A,7,"270,140","2,284",,,"284,164 ",Australia/Oceania,4438,,,"149,966",
138,New Caledonia,"74,440",,314 ,,"73,959",,167,9,"255,882","1,079","98,964","340,182","290,915 ",Australia/Oceania,49263,,,574,
139,Eswatini,"73,558",,"1,422 ",,"72,088",,48,,"62,084","1,200","1,045,903","882,755","1,184,817 ",Africa,168331,,,41,
140,Guyana,"71,443",,"1,281 ",,"70,149",,13,,"89,973","1,613","702,591","884,825","794,045 ",South America,116201,,,16,
141,Belize,"68,957",,687 ,,"68,246",,24,6,"167,294","1,667","576,016","1,397,453","412,190 ",North America,66001,,,58,
142,Fiji,"68,270",,878 ,,"66,327",,"1,065",,"75,066",965,"664,357","730,491","909,466 ",Australia/Oceania,"131,0361",,,"1,171",
143,Madagascar,"66,749",,"1,411 ",,"65,285",,53,,"2,288",48,"515,324","17,661","29,178,077 ",Africa,"43720,67957",,,2,
144,Sudan,"63,509",,"4,972 ",,"57,652",,885,,"1,381",108,"562,941","12,240","45,992,020 ",Africa,"7249,25082",,,19,
145,Mauritania,"63,392",,997 ,,"62,323",,72,,"12,932",203,"998,976","203,790","4,901,981 ",Africa,"774,9175",,,15,
146,Cabo Verde,"62,553",,410 ,,"62,008",,135,23,"110,191",722,"401,622","707,482","567,678 ",Africa,"91,3851",,,238,
147,Bhutan,"62,380",,21 ,,"61,564",,795,,"79,168",27,"2,303,734","2,923,739","787,941 ",Asia,"1337,5210",,,"1,009",
148,Syria,"57,367",,"3,163 ",,"54,195",,9,,"2,962",163,"146,269","7,553","19,364,809 ",Asia,"3386,122132",,,0.5,
149,Burundi,"50,470",,38 ,,"50,183",,249,,"3,998",3,"345,742","27,386","12,624,840 ",Africa,"250332,23337",,,20,
150,Seychelles,"49,380",,171 ,,"48,626",,583,,"496,651","1,720",,,"99,426 ",Africa,2581,,,"5,864",
151,Gabon,"48,945",,306 ,,"48,392",,247,,"20,993",131,"1,619,864","694,763","2,331,533 ",Africa,"487,6191",,,106,
152,Andorra,"46,588",,155 ,,"46,319",,114,14,"601,423","2,001","249,838","3,225,256","77,463 ",Europe,25000,,,"1,472",
153,Papua New Guinea,"45,550",,668 ,,"43,982",,900,7,"4,902",72,"249,149","26,813","9,292,169 ",Australia/Oceania,"20413,91037",,,97,
154,Curaçao,"45,489",,293 ,,"44,720",,476,3,"274,810","1,770","496,693","3,000,640","165,529 ",North America,45650,,,"2,876",
155,Aruba,"43,334",,232 ,,"42,438",,664,2,"402,699","2,156","177,885","1,653,068","107,609 ",North America,24641,,,"6,170",
156,Mauritius,"40,718",,"1,031 ",,"39,006",,681,,"31,943",809,"358,675","281,374","1,274,727 ",Africa,"311,2364",,,534,
157,Mayotte,"40,339",,187 ,,N/A,N/A,N/A,,"140,918",653,"176,919","618,038","286,259 ",Africa,"71,5312",,,"129,910",
158,Tanzania,"40,054",,845 ,,N/A,N/A,N/A,7,633,13,,,"63,298,550 ",Africa,"1,58074,910",,,617,
159,Togo,"39,310",,290 ,,"39,006",,14,,"4,528",33,"798,514","91,986","8,680,837 ",Africa,"22129,93411",,,2,
160,Guinea,"38,047",,456 ,,"37,118",,473,8,"2,744",33,"660,107","47,607","13,865,691 ",Africa,"36430,40721",,,34,
161,Isle of Man,"38,008",,116 ,,N/A,N/A,N/A,,"443,335","1,353","150,753","1,758,422","85,732 ",Europe,27391,,,"129,450",
162,Bahamas,"37,386",,833 ,,"36,270",,283,2,"93,345","2,080","256,731","641,001","400,516 ",North America,114812,,,707,
163,Faeroe Islands,"34,658",,28 ,,N/A,N/A,N/A,5,"703,959",569,"778,000","15,802,409","49,233 ",Europe,"11,7580",,,"547,133",
164,Lesotho,"34,490",,706 ,,"25,980",,"7,804",,"15,852",324,"431,221","198,199","2,175,699 ",Africa,"633,0825",,,"3,587",
165,Haiti,"33,828",,860 ,,"32,729",,239,,"2,896",74,"132,422","11,337","11,680,283 ",North America,"34513,58288",,,20,
166,Mali,"32,738",,742 ,,"31,912",,84,,"1,525",35,"771,249","35,916","21,473,764 ",Africa,"65628,94028",,,4,
167,Cayman Islands,"31,096",,35 ,,"8,553",,"22,508",1,"462,208",520,"222,773","3,311,280","67,277 ",North America,"21,9220",,,"334,557",
168,Saint Lucia,"29,550",,404 ,,"29,095",,51,,"159,632","2,182","210,983","1,139,752","185,113 ",North America,64581,,,276,
169,Benin,"27,782",,163 ,,"27,464",,155,5,"2,173",13,"604,310","47,268","12,784,726 ",Africa,"46078,43421",,,12,
170,Somalia,"27,243",,"1,361 ",,"13,182",,"12,700",,"1,618",81,"400,466","23,778","16,841,795 ",Africa,"61812,37542",,,754,
171,Congo,"24,837",,386 ,,"24,006",,445,,"4,284",67,"347,815","59,991","5,797,805 ",Africa,"23315,02017",,,77,
172,Timor-Leste,"23,303",,138 ,,"23,102",,63,,"17,017",101,"278,529","203,391","1,369,429 ",Asia,"599,9235",,,46,
173,Micronesia,"22,203",,55 ,,N/A,N/A,N/A,1,"188,979",468,"21,923","186,596","117,489 ",Australia/Oceania,"52,1365",,,"187,030",
174,San Marino,"21,662",,119 ,,"21,434",,109,4,"635,529","3,491","157,634","4,624,732","34,085 ",Europe,22860,,,"3,198",
175,Burkina Faso,"21,631",,387 ,,"21,143",,101,,979,18,"248,995","11,265","22,102,838 ",Africa,"1,02257,11389",,,5,
176,Solomon Islands,"21,544",,153 ,,"16,357",,"5,034",1,"29,874",212,"5,117","7,096","721,159 ",Australia/Oceania,"334,713141",,,"6,980",
177,Liechtenstein,"20,656",,87 ,,"20,485",,84,1,"538,099","2,266","102,174","2,661,682","38,387 ",Europe,24410,,,"2,188",
178,Gibraltar,"20,121",,108 ,,"16,579",,"3,434",,"596,991","3,204","534,283","15,852,213","33,704 ",Europe,23120,,,"101,887",
179,Grenada,"19,604",,237 ,,"19,348",,19,4,"172,761","2,089","182,667","1,609,755","113,475 ",North America,64791,,,167,
180,Nicaragua,"18,491",,225 ,,"4,225",,"14,041",,"2,728",33,,,"6,779,100 ",North America,"36730,129",,,"2,071",
181,Bermuda,"18,428",,149 ,,"18,244",,35,,"297,519","2,406","1,017,514","16,427,679","61,939 ",North America,34160,,,565,
182,South Sudan,"18,318",,138 ,,"18,115",,65,1,"1,577",12,"410,280","35,313","11,618,511 ",Africa,"63484,19228",,,6,
183,Tajikistan,"17,786",,125 ,,"17,264",,397,,"1,786",13,,,"9,957,464 ",Asia,"56079,660",,,40,
184,Equatorial Guinea,"17,174",,183 ,,"16,843",,148,5,"11,475",122,"365,697","244,342","1,496,662 ",Africa,"878,1784",,,99,
185,Tonga,"16,182",,12 ,,"15,638",,532,,"150,182",111,"535,009","4,965,327","107,749 ",Australia/Oceania,"78,9790",,,"4,937",
186,Samoa,"15,946",,29 ,,"1,605",,"14,312",4,"78,847",143,"187,397","926,612","202,239 ",Australia/Oceania,"136,9741",,,"70,768",
187,Dominica,"15,760",,74 ,,"15,673",,13,,"217,848","1,023","229,344","3,170,187","72,344 ",North America,59780,,,180,
188,Djibouti,"15,690",,189 ,,"15,427",,74,,"15,441",186,"305,941","301,094","1,016,097 ",Africa,"655,3763",,,73,
189,Marshall Islands,"15,389",,17 ,,"15,358",,14,22,"256,240",283,,,"60,057 ",Australia/Oceania,"43,533",,,233,
190,CAR,"15,260",,113 ,,"14,615",,532,2,"3,042",23,"81,294","16,205","5,016,678 ",Africa,"32944,39562",,,106,
191,Monaco,"15,005",,63 ,,"14,902",,40,4,"377,171","1,584","78,646","1,976,875","39,783 ",Europe,36311,,,"1,005",
192,Gambia,"12,580",,372 ,,"12,174",,34,,"4,917",145,"155,686","60,851","2,558,482 ",Africa,"2036,87816",,,13,
193,Saint Martin,"12,026",,63 ,,"1,399",,"10,564",7,"302,693","1,586","112,382","2,828,643","39,730 ",North America,36310,,,"265,895",
194,Greenland,"11,971",,21 ,,"2,761",,"9,189",4,"210,117",369,"164,926","2,894,810","56,973 ",North America,"52,7130",,,"161,287",
195,Vanuatu,"11,952",,14 ,,"11,937",,1,,"37,137",44,"24,976","77,606","321,832 ",Australia/Oceania,"2722,98813",,,3,
196,Yemen,"11,945",,"2,159 ",,"9,124",,662,23,383,69,"329,592","10,579","31,154,867 ",Asia,"2,60814,43095",,,21,
197,Caribbean Netherlands,"11,340",,36 ,,"10,476",,828,,"425,564","1,351","30,126","1,130,559","26,647 ",North America,27401,,,"31,073",
198,Sint Maarten,"10,931",,89 ,,"10,833",,9,,"248,624","2,024","62,056","1,411,454","43,966 ",North America,44941,,,205,
199,Eritrea,"10,189",,103 ,,"10,085",,1,,"2,782",28,"23,693","6,470","3,662,244 ",Africa,"35935,556155",,,0.3,
200,Niger,"9,931",,312 ,,"8,890",,729,1,381,12,"254,538","9,759","26,083,660 ",Africa,"2,62683,601102",,,28,
201,Antigua and Barbuda,"9,106",,146 ,,"8,954",,6,1,"91,509","1,467","18,901","189,943","99,509 ",North America,116825,,,60,
202,Guinea-Bissau,"8,848",,176 ,,"8,642",,30,6,"4,288",85,"145,231","70,385","2,063,367 ",Africa,"23311,72414",,,15,
203,Comoros,"8,762",,161 ,,"8,421",,180,,"9,656",177,,,"907,419 ",Africa,"1045,636",,,198,
204,Liberia,"7,996",,294 ,,"7,694",,8,2,"1,507",55,"139,824","26,356","5,305,117 ",Africa,"66318,04538",,,2,
205,Sierra Leone,"7,754",,126 ,,N/A,N/A,N/A,,933,15,"259,958","31,296","8,306,436 ",Africa,"1,07165,92432",,,330,
206,Chad,"7,627",,194 ,,"4,874",,"2,559",,438,11,"191,341","10,988","17,413,580 ",Africa,"2,28389,76191",,,147,
207,British Virgin Islands,"7,305",,64 ,,N/A,N/A,N/A,,"238,757","2,092","107,339","3,508,269","30,596 ",North America,44780,,,392,
208,St. Vincent Grenadines,"7,112",,115 ,,"6,641",,356,,"63,756","1,031","100,856","904,125","111,551 ",North America,169701,,,"3,191",
209,Saint Kitts and Nevis,"6,548",,46 ,,"6,482",,20,,"121,550",854,"124,861","2,317,778","53,871 ",North America,"81,1710",,,371,
210,Turks and Caicos,"6,431",,36 ,,"6,364",,31,4,"161,823",906,"550,203","13,844,720","39,741 ",North America,"61,1040",,,780,
211,Cook Islands,"6,389",,1 ,,"6,384",,4,,"363,610",57,"19,690","1,120,596","17,571 ",Australia/Oceania,"317,5711",,,228,
212,Sao Tome and Principe,"6,270",,77 ,,"6,189",,4,,"27,539",338,"29,036","127,530","227,679 ",Africa,"362,9578",,,18,
213,Palau,"5,513",,7 ,,"5,499",,7,1,"302,364",384,"65,638","3,599,956","18,233 ",Australia/Oceania,"32,6050",,,384,
214,St. Barth,"5,323",,6 ,,N/A,N/A,N/A,,"535,244",603,"78,646","7,908,095","9,945 ",North America,"21,6580",,,"488,185",
215,Nauru,"4,611",,1 ,,"4,605",,5,,"422,911",92,"20,509","1,881,042","10,903 ",Australia/Oceania,"210,9031",,,459,
216,Anguilla,"3,866",,12 ,,"3,849",,5,4,"253,841",788,"51,382","3,373,736","15,230 ",North America,"41,2690",,,328,
217,Kiribati,"3,430",,13 ,,"2,703",,714,3,"27,792",105,,,"123,419 ",Australia/Oceania,"369,494",,,"5,785",
218,Saint Pierre Miquelon,"3,231",,1 ,,"2,449",,781,1,"561,035",174,"25,120","4,361,868","5,759 ",North America,"25,7590",,,"135,614",
219,Falkland Islands,"1,930",, ,,"1,930",,0,,"545,352",,"8,632","2,439,107","3,539 ",South America,20,,,,
220,Saint Helena,"1,800",, ,,2,,"1,798",,"294,358",,,,"6,115 ",Africa,3,,,"294,031",
221,Montserrat,"1,403",,8 ,,"1,376",,19,,"282,578","1,611","17,762","3,577,442","4,965 ",North America,46210,,,"3,827",
222,Macao,795,,6 ,,787,,2,,"1,191",9,"7,850","11,760","667,490 ",Asia,"840111,24885",,,3,
223,Wallis and Futuna,761,,7 ,,438,,316,,"69,295",637,"20,508","1,867,419","10,982 ",Australia/Oceania,"141,5691",,,"28,774",
224,Diamond Princess,712,,13 ,,699,,0,,,,,, ,,,,,,
225,Niue,85,, ,,85,,0,,"52,404",,,,"1,622 ",Australia/Oceania,19,,,,
226,Vatican City,29,, ,,29,,0,,"36,295",,,,799 ,Europe,28,,,,
227,Tuvalu,23,, ,,,,23,,"1,906",,,,"12,066 ",Australia/Oceania,525,,,"1,906",
228,Western Sahara,10,,1 ,,9,,0,,16,2,,,"626,161 ",Africa,"62,616626,161",,,,
229,MS Zaandam,9,,2 ,,7,,0,,,,,, ,,,,,,
230,China,"263,554",+588,"5,226 ",,"252,004",+267,"6,324",29,182,4,"160,000,000","110,461","1,448,471,400 ",Asia,"5,496277,1669",0.4,,4,
